{"autoplayTransitionDelay":5,"author":"","timestamp":"2016-31-11 10:7:1","loopSlideshow":0,"filename":"UI Flow","autoplayBuildDelay":2,"comment":"","title":"UI Flow","showMode":0,"creator":"Apple Keynote 6.6.2","slideList":["615F7CD4-E262-41F7-8138-806EC6AB1FAB","B2E5AFC2-596E-4E6B-8FFE-7CDFB30796EB","9266DC28-6B58-4C95-8786-DE30DEB573F6","0F706EB2-FF3B-46EC-AD3C-11824289AF21","D076EA4C-E731-4519-8ACF-BE4F9172B3AC","1B2CF505-AA88-4DD3-9DE1-B8330E70B9AE","363C0CDA-07F7-4082-8BBE-F67AE9E725B3"],"soundtrack":{"mode":0,"volume":1},"slideWidth":375,"slideHeight":667,"slideCount":7,"majorVersion":1,"minorVersion":2,"fonts":["Helvetica","Helvetica-Oblique","Helvetica-Light"]}