{"assets":{"FCAAB6C4D2E0FA802634C9113CA44778":{"type":"texture","index":18,"assetRequest":{"type":"slide","state":"outgoing","slide":"1B2CF505-AA88-4DD3-9DE1-B8330E70B9AE"},"url":{"web":"assets/FCAAB6C4D2E0FA802634C9113CA44778.svg"},"width":375,"height":667},"71252C1D4F20EE5ED0E8257744BF935C":{"type":"texture","index":19,"assetRequest":{"type":"slide","state":"incoming","slide":"363C0CDA-07F7-4082-8BBE-F67AE9E725B3"},"url":{"web":"assets/71252C1D4F20EE5ED0E8257744BF935C.svg"},"width":375,"height":667},"6F41D94887D0BE49A920AEB8DAE6FB81":{"type":"texture","index":21,"assetRequest":{"type":"slide","state":"incoming","slide":"615F7CD4-E262-41F7-8138-806EC6AB1FAB"},"url":{"web":"assets/6F41D94887D0BE49A920AEB8DAE6FB81.svg"},"width":375,"height":667},"6811678F1BF3F96AC295C3D3E8280154":{"type":"texture","index":20,"assetRequest":{"type":"slide","state":"incoming","slide":"D076EA4C-E731-4519-8ACF-BE4F9172B3AC"},"url":{"web":"assets/6811678F1BF3F96AC295C3D3E8280154.svg"},"width":375,"height":667}},"events":[{"effects":[{"beginTime":0,"baseLayer":{"animations":[],"initialState":{"affineTransform":[1,0,0,1,0,0],"masksToBounds":false,"rotation":0,"scale":1,"position":{"pointX":187.5,"pointY":333.5},"width":375,"sublayerTransform":[1,0,0,0,0,1,0,0,0,0,1,0,0,0,0,1],"contentsRect":{"y":0,"x":0,"width":1,"height":1},"opacity":1,"edgeAntialiasingMask":251658240,"height":667,"hidden":false,"anchorPoint":{"pointX":0.5,"pointY":0.5}},"objectID":"0","layers":[{"animations":[],"initialState":{"affineTransform":[1,0,0,1,0,0],"masksToBounds":false,"rotation":0,"scale":1,"position":{"pointX":187.5,"pointY":333.5},"width":375,"sublayerTransform":[1,0,0,0,0,1,0,0,0,0,1,-0.001008227879043148,0,0,0,1],"contentsRect":{"y":0,"x":0,"width":1,"height":1},"opacity":1,"edgeAntialiasingMask":251658240,"height":667,"hidden":false,"anchorPoint":{"pointX":0.5,"pointY":0.5}},"layers":[{"animations":[],"layers":[],"initialState":{"affineTransform":[1,0,0,1,0,0],"masksToBounds":false,"rotation":0,"scale":1,"position":{"pointX":187.5,"pointY":333.5},"width":375,"sublayerTransform":[1,0,0,0,0,1,0,0,0,0,1,0,0,0,0,1],"contentsRect":{"y":0,"x":0,"width":1,"height":1},"opacity":1,"edgeAntialiasingMask":0,"height":667,"hidden":false,"anchorPoint":{"pointX":0.5,"pointY":0.5}},"texture":"71252C1D4F20EE5ED0E8257744BF935C"},{"animations":[{"timeOffset":0,"from":{"scalar":false},"beginTime":0,"repeatCount":0,"fillMode":"both","property":"hidden","autoreverses":false,"duration":0.01,"to":{"scalar":true}}],"layers":[],"initialState":{"affineTransform":[1,0,0,1,0,0],"masksToBounds":false,"rotation":0,"scale":1,"position":{"pointX":187.5,"pointY":333.5},"width":375,"sublayerTransform":[1,0,0,0,0,1,0,0,0,0,1,0,0,0,0,1],"contentsRect":{"y":0,"x":0,"width":1,"height":1},"opacity":1,"edgeAntialiasingMask":0,"height":667,"hidden":false,"anchorPoint":{"pointX":0.5,"pointY":0.5}},"texture":"FCAAB6C4D2E0FA802634C9113CA44778"}]}]},"effects":[],"duration":0.01,"type":"transition","name":"none","objectID":"0"}],"automaticPlay":false,"hyperlinks":[{"url":"?slide=previous","events":{"D076EA4C-E731-4519-8ACF-BE4F9172B3AC":{"effects":[{"beginTime":0,"baseLayer":{"animations":[],"initialState":{"affineTransform":[1,0,0,1,0,0],"masksToBounds":false,"rotation":0,"scale":1,"position":{"pointX":187.5,"pointY":333.5},"width":375,"sublayerTransform":[1,0,0,0,0,1,0,0,0,0,1,0,0,0,0,1],"contentsRect":{"y":0,"x":0,"width":1,"height":1},"opacity":1,"edgeAntialiasingMask":251658240,"height":667,"hidden":false,"anchorPoint":{"pointX":0.5,"pointY":0.5}},"objectID":"0","layers":[{"animations":[],"initialState":{"affineTransform":[1,0,0,1,0,0],"masksToBounds":false,"rotation":0,"scale":1,"position":{"pointX":187.5,"pointY":333.5},"width":375,"sublayerTransform":[1,0,0,0,0,1,0,0,0,0,1,-0.001008227879043148,0,0,0,1],"contentsRect":{"y":0,"x":0,"width":1,"height":1},"opacity":1,"edgeAntialiasingMask":251658240,"height":667,"hidden":false,"anchorPoint":{"pointX":0.5,"pointY":0.5}},"layers":[{"animations":[],"layers":[],"initialState":{"affineTransform":[1,0,0,1,0,0],"masksToBounds":false,"rotation":0,"scale":1,"position":{"pointX":187.5,"pointY":333.5},"width":375,"sublayerTransform":[1,0,0,0,0,1,0,0,0,0,1,0,0,0,0,1],"contentsRect":{"y":0,"x":0,"width":1,"height":1},"opacity":1,"edgeAntialiasingMask":0,"height":667,"hidden":false,"anchorPoint":{"pointX":0.5,"pointY":0.5}},"texture":"6811678F1BF3F96AC295C3D3E8280154"},{"animations":[{"timeOffset":0,"from":{"scalar":false},"beginTime":0,"repeatCount":0,"fillMode":"both","property":"hidden","autoreverses":false,"duration":0.01,"to":{"scalar":true}}],"layers":[],"initialState":{"affineTransform":[1,0,0,1,0,0],"masksToBounds":false,"rotation":0,"scale":1,"position":{"pointX":187.5,"pointY":333.5},"width":375,"sublayerTransform":[1,0,0,0,0,1,0,0,0,0,1,0,0,0,0,1],"contentsRect":{"y":0,"x":0,"width":1,"height":1},"opacity":1,"edgeAntialiasingMask":0,"height":667,"hidden":false,"anchorPoint":{"pointX":0.5,"pointY":0.5}},"texture":"FCAAB6C4D2E0FA802634C9113CA44778"}]}]},"effects":[],"duration":0.01,"type":"transition","name":"none","objectID":"0"}],"automaticPlay":false,"hyperlinks":[],"accessibility":[],"baseLayer":{"animations":[],"initialState":{"affineTransform":[1,0,0,1,0,0],"masksToBounds":false,"rotation":0,"scale":1,"position":{"pointX":187.5,"pointY":333.5},"width":375,"sublayerTransform":[1,0,0,0,0,1,0,0,0,0,1,0,0,0,0,1],"contentsRect":{"y":0,"x":0,"width":1,"height":1},"opacity":1,"edgeAntialiasingMask":251658240,"height":667,"hidden":false,"anchorPoint":{"pointX":0.5,"pointY":0.5}},"objectID":"0","layers":[{"animations":[],"initialState":{"affineTransform":[1,0,0,1,0,0],"masksToBounds":false,"rotation":0,"scale":1,"position":{"pointX":187.5,"pointY":333.5},"width":375,"sublayerTransform":[1,0,0,0,0,1,0,0,0,0,1,-0.001008227879043148,0,0,0,1],"contentsRect":{"y":0,"x":0,"width":1,"height":1},"opacity":1,"edgeAntialiasingMask":251658240,"height":667,"hidden":false,"anchorPoint":{"pointX":0.5,"pointY":0.5}},"layers":[{"animations":[],"layers":[],"initialState":{"affineTransform":[1,0,0,1,0,0],"masksToBounds":false,"rotation":0,"scale":1,"position":{"pointX":187.5,"pointY":333.5},"width":375,"sublayerTransform":[1,0,0,0,0,1,0,0,0,0,1,0,0,0,0,1],"contentsRect":{"y":0,"x":0,"width":1,"height":1},"opacity":1,"edgeAntialiasingMask":0,"height":667,"hidden":false,"anchorPoint":{"pointX":0.5,"pointY":0.5}},"texture":"FCAAB6C4D2E0FA802634C9113CA44778"}]}]}}},"targetRectangle":{"y":5.035156726837158,"x":7.596073150634766,"width":18.44968795776367,"height":28.92968654632568}},{"url":"?slideid=1B2CF505-AA88-4DD3-9DE1-B8330E70B9AE","events":{"1B2CF505-AA88-4DD3-9DE1-B8330E70B9AE":{"effects":[{"beginTime":0,"baseLayer":{"animations":[],"initialState":{"affineTransform":[1,0,0,1,0,0],"masksToBounds":false,"rotation":0,"scale":1,"position":{"pointX":187.5,"pointY":333.5},"width":375,"sublayerTransform":[1,0,0,0,0,1,0,0,0,0,1,0,0,0,0,1],"contentsRect":{"y":0,"x":0,"width":1,"height":1},"opacity":1,"edgeAntialiasingMask":251658240,"height":667,"hidden":false,"anchorPoint":{"pointX":0.5,"pointY":0.5}},"objectID":"0","layers":[{"animations":[],"initialState":{"affineTransform":[1,0,0,1,0,0],"masksToBounds":false,"rotation":0,"scale":1,"position":{"pointX":187.5,"pointY":333.5},"width":375,"sublayerTransform":[1,0,0,0,0,1,0,0,0,0,1,-0.001008227879043148,0,0,0,1],"contentsRect":{"y":0,"x":0,"width":1,"height":1},"opacity":1,"edgeAntialiasingMask":251658240,"height":667,"hidden":false,"anchorPoint":{"pointX":0.5,"pointY":0.5}},"layers":[{"animations":[],"layers":[],"initialState":{"affineTransform":[1,0,0,1,0,0],"masksToBounds":false,"rotation":0,"scale":1,"position":{"pointX":187.5,"pointY":333.5},"width":375,"sublayerTransform":[1,0,0,0,0,1,0,0,0,0,1,0,0,0,0,1],"contentsRect":{"y":0,"x":0,"width":1,"height":1},"opacity":1,"edgeAntialiasingMask":0,"height":667,"hidden":false,"anchorPoint":{"pointX":0.5,"pointY":0.5}},"texture":"FCAAB6C4D2E0FA802634C9113CA44778"},{"animations":[{"timeOffset":0,"from":{"scalar":false},"beginTime":0,"repeatCount":0,"fillMode":"both","property":"hidden","autoreverses":false,"duration":0.01,"to":{"scalar":true}}],"layers":[],"initialState":{"affineTransform":[1,0,0,1,0,0],"masksToBounds":false,"rotation":0,"scale":1,"position":{"pointX":187.5,"pointY":333.5},"width":375,"sublayerTransform":[1,0,0,0,0,1,0,0,0,0,1,0,0,0,0,1],"contentsRect":{"y":0,"x":0,"width":1,"height":1},"opacity":1,"edgeAntialiasingMask":0,"height":667,"hidden":false,"anchorPoint":{"pointX":0.5,"pointY":0.5}},"texture":"FCAAB6C4D2E0FA802634C9113CA44778"}]}]},"effects":[],"duration":0.01,"type":"transition","name":"none","objectID":"0"}],"automaticPlay":false,"hyperlinks":[],"accessibility":[],"baseLayer":{"animations":[],"initialState":{"affineTransform":[1,0,0,1,0,0],"masksToBounds":false,"rotation":0,"scale":1,"position":{"pointX":187.5,"pointY":333.5},"width":375,"sublayerTransform":[1,0,0,0,0,1,0,0,0,0,1,0,0,0,0,1],"contentsRect":{"y":0,"x":0,"width":1,"height":1},"opacity":1,"edgeAntialiasingMask":251658240,"height":667,"hidden":false,"anchorPoint":{"pointX":0.5,"pointY":0.5}},"objectID":"0","layers":[{"animations":[],"initialState":{"affineTransform":[1,0,0,1,0,0],"masksToBounds":false,"rotation":0,"scale":1,"position":{"pointX":187.5,"pointY":333.5},"width":375,"sublayerTransform":[1,0,0,0,0,1,0,0,0,0,1,-0.001008227879043148,0,0,0,1],"contentsRect":{"y":0,"x":0,"width":1,"height":1},"opacity":1,"edgeAntialiasingMask":251658240,"height":667,"hidden":false,"anchorPoint":{"pointX":0.5,"pointY":0.5}},"layers":[{"animations":[{"timeOffset":0,"from":{"scalar":false},"beginTime":0,"repeatCount":0,"fillMode":"both","property":"hidden","autoreverses":false,"duration":0.01,"to":{"scalar":true}}],"layers":[],"initialState":{"affineTransform":[1,0,0,1,0,0],"masksToBounds":false,"rotation":0,"scale":1,"position":{"pointX":187.5,"pointY":333.5},"width":375,"sublayerTransform":[1,0,0,0,0,1,0,0,0,0,1,0,0,0,0,1],"contentsRect":{"y":0,"x":0,"width":1,"height":1},"opacity":1,"edgeAntialiasingMask":0,"height":667,"hidden":false,"anchorPoint":{"pointX":0.5,"pointY":0.5}},"texture":"FCAAB6C4D2E0FA802634C9113CA44778"}]}]}}},"targetRectangle":{"y":-5.836000127601437e-09,"x":-7.605001428601099e-08,"width":375,"height":667.0000076293945}},{"url":"?slideid=363C0CDA-07F7-4082-8BBE-F67AE9E725B3","events":{"363C0CDA-07F7-4082-8BBE-F67AE9E725B3":{"effects":[{"beginTime":0,"baseLayer":{"animations":[],"initialState":{"affineTransform":[1,0,0,1,0,0],"masksToBounds":false,"rotation":0,"scale":1,"position":{"pointX":187.5,"pointY":333.5},"width":375,"sublayerTransform":[1,0,0,0,0,1,0,0,0,0,1,0,0,0,0,1],"contentsRect":{"y":0,"x":0,"width":1,"height":1},"opacity":1,"edgeAntialiasingMask":251658240,"height":667,"hidden":false,"anchorPoint":{"pointX":0.5,"pointY":0.5}},"objectID":"0","layers":[{"animations":[],"initialState":{"affineTransform":[1,0,0,1,0,0],"masksToBounds":false,"rotation":0,"scale":1,"position":{"pointX":187.5,"pointY":333.5},"width":375,"sublayerTransform":[1,0,0,0,0,1,0,0,0,0,1,-0.001008227879043148,0,0,0,1],"contentsRect":{"y":0,"x":0,"width":1,"height":1},"opacity":1,"edgeAntialiasingMask":251658240,"height":667,"hidden":false,"anchorPoint":{"pointX":0.5,"pointY":0.5}},"layers":[{"animations":[],"layers":[],"initialState":{"affineTransform":[1,0,0,1,0,0],"masksToBounds":false,"rotation":0,"scale":1,"position":{"pointX":187.5,"pointY":333.5},"width":375,"sublayerTransform":[1,0,0,0,0,1,0,0,0,0,1,0,0,0,0,1],"contentsRect":{"y":0,"x":0,"width":1,"height":1},"opacity":1,"edgeAntialiasingMask":0,"height":667,"hidden":false,"anchorPoint":{"pointX":0.5,"pointY":0.5}},"texture":"71252C1D4F20EE5ED0E8257744BF935C"},{"animations":[{"timeOffset":0,"from":{"scalar":false},"beginTime":0,"repeatCount":0,"fillMode":"both","property":"hidden","autoreverses":false,"duration":0.01,"to":{"scalar":true}}],"layers":[],"initialState":{"affineTransform":[1,0,0,1,0,0],"masksToBounds":false,"rotation":0,"scale":1,"position":{"pointX":187.5,"pointY":333.5},"width":375,"sublayerTransform":[1,0,0,0,0,1,0,0,0,0,1,0,0,0,0,1],"contentsRect":{"y":0,"x":0,"width":1,"height":1},"opacity":1,"edgeAntialiasingMask":0,"height":667,"hidden":false,"anchorPoint":{"pointX":0.5,"pointY":0.5}},"texture":"FCAAB6C4D2E0FA802634C9113CA44778"}]}]},"effects":[],"duration":0.01,"type":"transition","name":"none","objectID":"0"}],"automaticPlay":false,"hyperlinks":[],"accessibility":[],"baseLayer":{"animations":[],"initialState":{"affineTransform":[1,0,0,1,0,0],"masksToBounds":false,"rotation":0,"scale":1,"position":{"pointX":187.5,"pointY":333.5},"width":375,"sublayerTransform":[1,0,0,0,0,1,0,0,0,0,1,0,0,0,0,1],"contentsRect":{"y":0,"x":0,"width":1,"height":1},"opacity":1,"edgeAntialiasingMask":251658240,"height":667,"hidden":false,"anchorPoint":{"pointX":0.5,"pointY":0.5}},"objectID":"0","layers":[{"animations":[],"initialState":{"affineTransform":[1,0,0,1,0,0],"masksToBounds":false,"rotation":0,"scale":1,"position":{"pointX":187.5,"pointY":333.5},"width":375,"sublayerTransform":[1,0,0,0,0,1,0,0,0,0,1,-0.001008227879043148,0,0,0,1],"contentsRect":{"y":0,"x":0,"width":1,"height":1},"opacity":1,"edgeAntialiasingMask":251658240,"height":667,"hidden":false,"anchorPoint":{"pointX":0.5,"pointY":0.5}},"layers":[{"animations":[{"timeOffset":0,"from":{"scalar":false},"beginTime":0,"repeatCount":0,"fillMode":"both","property":"hidden","autoreverses":false,"duration":0.01,"to":{"scalar":true}}],"layers":[],"initialState":{"affineTransform":[1,0,0,1,0,0],"masksToBounds":false,"rotation":0,"scale":1,"position":{"pointX":187.5,"pointY":333.5},"width":375,"sublayerTransform":[1,0,0,0,0,1,0,0,0,0,1,0,0,0,0,1],"contentsRect":{"y":0,"x":0,"width":1,"height":1},"opacity":1,"edgeAntialiasingMask":0,"height":667,"hidden":false,"anchorPoint":{"pointX":0.5,"pointY":0.5}},"texture":"FCAAB6C4D2E0FA802634C9113CA44778"}]}]}}},"targetRectangle":{"y":478.1110832691193,"x":125.5051553249359,"width":123.9896893501282,"height":38.92968893051147}},{"url":"?slideid=615F7CD4-E262-41F7-8138-806EC6AB1FAB","events":{"615F7CD4-E262-41F7-8138-806EC6AB1FAB":{"effects":[{"beginTime":0,"baseLayer":{"animations":[],"initialState":{"affineTransform":[1,0,0,1,0,0],"masksToBounds":false,"rotation":0,"scale":1,"position":{"pointX":187.5,"pointY":333.5},"width":375,"sublayerTransform":[1,0,0,0,0,1,0,0,0,0,1,0,0,0,0,1],"contentsRect":{"y":0,"x":0,"width":1,"height":1},"opacity":1,"edgeAntialiasingMask":251658240,"height":667,"hidden":false,"anchorPoint":{"pointX":0.5,"pointY":0.5}},"objectID":"0","layers":[{"animations":[],"initialState":{"affineTransform":[1,0,0,1,0,0],"masksToBounds":false,"rotation":0,"scale":1,"position":{"pointX":187.5,"pointY":333.5},"width":375,"sublayerTransform":[1,0,0,0,0,1,0,0,0,0,1,-0.001008227879043148,0,0,0,1],"contentsRect":{"y":0,"x":0,"width":1,"height":1},"opacity":1,"edgeAntialiasingMask":251658240,"height":667,"hidden":false,"anchorPoint":{"pointX":0.5,"pointY":0.5}},"layers":[{"animations":[],"layers":[],"initialState":{"affineTransform":[1,0,0,1,0,0],"masksToBounds":false,"rotation":0,"scale":1,"position":{"pointX":187.5,"pointY":333.5},"width":375,"sublayerTransform":[1,0,0,0,0,1,0,0,0,0,1,0,0,0,0,1],"contentsRect":{"y":0,"x":0,"width":1,"height":1},"opacity":1,"edgeAntialiasingMask":0,"height":667,"hidden":false,"anchorPoint":{"pointX":0.5,"pointY":0.5}},"texture":"6F41D94887D0BE49A920AEB8DAE6FB81"},{"animations":[{"timeOffset":0,"from":{"scalar":false},"beginTime":0,"repeatCount":0,"fillMode":"both","property":"hidden","autoreverses":false,"duration":0.01,"to":{"scalar":true}}],"layers":[],"initialState":{"affineTransform":[1,0,0,1,0,0],"masksToBounds":false,"rotation":0,"scale":1,"position":{"pointX":187.5,"pointY":333.5},"width":375,"sublayerTransform":[1,0,0,0,0,1,0,0,0,0,1,0,0,0,0,1],"contentsRect":{"y":0,"x":0,"width":1,"height":1},"opacity":1,"edgeAntialiasingMask":0,"height":667,"hidden":false,"anchorPoint":{"pointX":0.5,"pointY":0.5}},"texture":"FCAAB6C4D2E0FA802634C9113CA44778"}]}]},"effects":[],"duration":0.01,"type":"transition","name":"none","objectID":"0"}],"automaticPlay":false,"hyperlinks":[],"accessibility":[],"baseLayer":{"animations":[],"initialState":{"affineTransform":[1,0,0,1,0,0],"masksToBounds":false,"rotation":0,"scale":1,"position":{"pointX":187.5,"pointY":333.5},"width":375,"sublayerTransform":[1,0,0,0,0,1,0,0,0,0,1,0,0,0,0,1],"contentsRect":{"y":0,"x":0,"width":1,"height":1},"opacity":1,"edgeAntialiasingMask":251658240,"height":667,"hidden":false,"anchorPoint":{"pointX":0.5,"pointY":0.5}},"objectID":"0","layers":[{"animations":[],"initialState":{"affineTransform":[1,0,0,1,0,0],"masksToBounds":false,"rotation":0,"scale":1,"position":{"pointX":187.5,"pointY":333.5},"width":375,"sublayerTransform":[1,0,0,0,0,1,0,0,0,0,1,-0.001008227879043148,0,0,0,1],"contentsRect":{"y":0,"x":0,"width":1,"height":1},"opacity":1,"edgeAntialiasingMask":251658240,"height":667,"hidden":false,"anchorPoint":{"pointX":0.5,"pointY":0.5}},"layers":[{"animations":[{"timeOffset":0,"from":{"scalar":false},"beginTime":0,"repeatCount":0,"fillMode":"both","property":"hidden","autoreverses":false,"duration":0.01,"to":{"scalar":true}}],"layers":[],"initialState":{"affineTransform":[1,0,0,1,0,0],"masksToBounds":false,"rotation":0,"scale":1,"position":{"pointX":187.5,"pointY":333.5},"width":375,"sublayerTransform":[1,0,0,0,0,1,0,0,0,0,1,0,0,0,0,1],"contentsRect":{"y":0,"x":0,"width":1,"height":1},"opacity":1,"edgeAntialiasingMask":0,"height":667,"hidden":false,"anchorPoint":{"pointX":0.5,"pointY":0.5}},"texture":"FCAAB6C4D2E0FA802634C9113CA44778"}]}]}}},"targetRectangle":{"y":7.535156699240929,"x":34.04576101181163,"width":62.60368824005127,"height":28.92968654632568}}],"accessibility":[{"text":"<","targetRectangle":{"y":6.500000476837158,"x":9.560916900634766,"width":14.52,"height":26}},{"text":"Camera Aim","targetRectangle":{"y":298.4240570068359,"x":131.9400038146973,"width":111.12,"height":24}},{"text":"Check In","targetRectangle":{"y":479.5759270191193,"x":127.4699990749359,"width":120.06,"height":36}},{"text":"?","targetRectangle":{"y":10.46484380332544,"x":348,"width":10,"height":24}},{"text":"Home","targetRectangle":{"y":9.000000449240929,"x":36.01060476181163,"width":58.67400000000001,"height":26}}],"baseLayer":{"animations":[],"initialState":{"affineTransform":[1,0,0,1,0,0],"masksToBounds":false,"rotation":0,"scale":1,"position":{"pointX":187.5,"pointY":333.5},"width":375,"sublayerTransform":[1,0,0,0,0,1,0,0,0,0,1,0,0,0,0,1],"contentsRect":{"y":0,"x":0,"width":1,"height":1},"opacity":1,"edgeAntialiasingMask":251658240,"height":667,"hidden":false,"anchorPoint":{"pointX":0.5,"pointY":0.5}},"objectID":"0","layers":[{"animations":[],"initialState":{"affineTransform":[1,0,0,1,0,0],"masksToBounds":false,"rotation":0,"scale":1,"position":{"pointX":187.5,"pointY":333.5},"width":375,"sublayerTransform":[1,0,0,0,0,1,0,0,0,0,1,-0.001008227879043148,0,0,0,1],"contentsRect":{"y":0,"x":0,"width":1,"height":1},"opacity":1,"edgeAntialiasingMask":251658240,"height":667,"hidden":false,"anchorPoint":{"pointX":0.5,"pointY":0.5}},"layers":[{"animations":[],"layers":[],"initialState":{"affineTransform":[1,0,0,1,0,0],"masksToBounds":false,"rotation":0,"scale":1,"position":{"pointX":187.5,"pointY":333.5},"width":375,"sublayerTransform":[1,0,0,0,0,1,0,0,0,0,1,0,0,0,0,1],"contentsRect":{"y":0,"x":0,"width":1,"height":1},"opacity":1,"edgeAntialiasingMask":0,"height":667,"hidden":false,"anchorPoint":{"pointX":0.5,"pointY":0.5}},"texture":"FCAAB6C4D2E0FA802634C9113CA44778"}]}]}}]}