{"assets":{"1A8BC5D608C5319FA3482B0B6DAB330C":{"type":"texture","index":2,"assetRequest":{"type":"slide","state":"incoming","slide":"9266DC28-6B58-4C95-8786-DE30DEB573F6"},"url":{"web":"assets/1A8BC5D608C5319FA3482B0B6DAB330C.svg"},"width":375,"height":667},"7BA2E04EABEC644FAE3C0932A8CF0416":{"type":"texture","index":3,"assetRequest":{"type":"slide","state":"incoming","slide":"0F706EB2-FF3B-46EC-AD3C-11824289AF21"},"url":{"web":"assets/7BA2E04EABEC644FAE3C0932A8CF0416.svg"},"width":375,"height":667},"BBA2A8DB4E9926D0416B86B30186DED2":{"type":"texture","index":1,"assetRequest":{"type":"slide","state":"incoming","slide":"B2E5AFC2-596E-4E6B-8FFE-7CDFB30796EB"},"url":{"web":"assets/BBA2A8DB4E9926D0416B86B30186DED2.svg"},"width":375,"height":667},"6F41D94887D0BE49A920AEB8DAE6FB81":{"type":"texture","index":0,"assetRequest":{"type":"slide","state":"outgoing","slide":"615F7CD4-E262-41F7-8138-806EC6AB1FAB"},"url":{"web":"assets/6F41D94887D0BE49A920AEB8DAE6FB81.svg"},"width":375,"height":667}},"events":[{"effects":[{"beginTime":0,"baseLayer":{"animations":[],"initialState":{"affineTransform":[1,0,0,1,0,0],"masksToBounds":false,"rotation":0,"scale":1,"position":{"pointX":187.5,"pointY":333.5},"width":375,"sublayerTransform":[1,0,0,0,0,1,0,0,0,0,1,0,0,0,0,1],"contentsRect":{"y":0,"x":0,"width":1,"height":1},"opacity":1,"edgeAntialiasingMask":251658240,"height":667,"hidden":false,"anchorPoint":{"pointX":0.5,"pointY":0.5}},"objectID":"0","layers":[{"animations":[],"initialState":{"affineTransform":[1,0,0,1,0,0],"masksToBounds":false,"rotation":0,"scale":1,"position":{"pointX":187.5,"pointY":333.5},"width":375,"sublayerTransform":[1,0,0,0,0,1,0,0,0,0,1,-0.001008227879043148,0,0,0,1],"contentsRect":{"y":0,"x":0,"width":1,"height":1},"opacity":1,"edgeAntialiasingMask":251658240,"height":667,"hidden":false,"anchorPoint":{"pointX":0.5,"pointY":0.5}},"layers":[{"animations":[],"layers":[],"initialState":{"affineTransform":[1,0,0,1,0,0],"masksToBounds":false,"rotation":0,"scale":1,"position":{"pointX":187.5,"pointY":333.5},"width":375,"sublayerTransform":[1,0,0,0,0,1,0,0,0,0,1,0,0,0,0,1],"contentsRect":{"y":0,"x":0,"width":1,"height":1},"opacity":1,"edgeAntialiasingMask":0,"height":667,"hidden":false,"anchorPoint":{"pointX":0.5,"pointY":0.5}},"texture":"BBA2A8DB4E9926D0416B86B30186DED2"},{"animations":[{"timeOffset":0,"from":{"scalar":false},"beginTime":0,"repeatCount":0,"fillMode":"both","property":"hidden","autoreverses":false,"duration":0.01,"to":{"scalar":true}}],"layers":[],"initialState":{"affineTransform":[1,0,0,1,0,0],"masksToBounds":false,"rotation":0,"scale":1,"position":{"pointX":187.5,"pointY":333.5},"width":375,"sublayerTransform":[1,0,0,0,0,1,0,0,0,0,1,0,0,0,0,1],"contentsRect":{"y":0,"x":0,"width":1,"height":1},"opacity":1,"edgeAntialiasingMask":0,"height":667,"hidden":false,"anchorPoint":{"pointX":0.5,"pointY":0.5}},"texture":"6F41D94887D0BE49A920AEB8DAE6FB81"}]}]},"effects":[],"duration":0.01,"type":"transition","name":"none","objectID":"0"}],"automaticPlay":false,"hyperlinks":[{"url":"?slideid=615F7CD4-E262-41F7-8138-806EC6AB1FAB","events":{"615F7CD4-E262-41F7-8138-806EC6AB1FAB":{"effects":[{"beginTime":0,"baseLayer":{"animations":[],"initialState":{"affineTransform":[1,0,0,1,0,0],"masksToBounds":false,"rotation":0,"scale":1,"position":{"pointX":187.5,"pointY":333.5},"width":375,"sublayerTransform":[1,0,0,0,0,1,0,0,0,0,1,0,0,0,0,1],"contentsRect":{"y":0,"x":0,"width":1,"height":1},"opacity":1,"edgeAntialiasingMask":251658240,"height":667,"hidden":false,"anchorPoint":{"pointX":0.5,"pointY":0.5}},"objectID":"0","layers":[{"animations":[],"initialState":{"affineTransform":[1,0,0,1,0,0],"masksToBounds":false,"rotation":0,"scale":1,"position":{"pointX":187.5,"pointY":333.5},"width":375,"sublayerTransform":[1,0,0,0,0,1,0,0,0,0,1,-0.001008227879043148,0,0,0,1],"contentsRect":{"y":0,"x":0,"width":1,"height":1},"opacity":1,"edgeAntialiasingMask":251658240,"height":667,"hidden":false,"anchorPoint":{"pointX":0.5,"pointY":0.5}},"layers":[{"animations":[],"layers":[],"initialState":{"affineTransform":[1,0,0,1,0,0],"masksToBounds":false,"rotation":0,"scale":1,"position":{"pointX":187.5,"pointY":333.5},"width":375,"sublayerTransform":[1,0,0,0,0,1,0,0,0,0,1,0,0,0,0,1],"contentsRect":{"y":0,"x":0,"width":1,"height":1},"opacity":1,"edgeAntialiasingMask":0,"height":667,"hidden":false,"anchorPoint":{"pointX":0.5,"pointY":0.5}},"texture":"6F41D94887D0BE49A920AEB8DAE6FB81"},{"animations":[{"timeOffset":0,"from":{"scalar":false},"beginTime":0,"repeatCount":0,"fillMode":"both","property":"hidden","autoreverses":false,"duration":0.01,"to":{"scalar":true}}],"layers":[],"initialState":{"affineTransform":[1,0,0,1,0,0],"masksToBounds":false,"rotation":0,"scale":1,"position":{"pointX":187.5,"pointY":333.5},"width":375,"sublayerTransform":[1,0,0,0,0,1,0,0,0,0,1,0,0,0,0,1],"contentsRect":{"y":0,"x":0,"width":1,"height":1},"opacity":1,"edgeAntialiasingMask":0,"height":667,"hidden":false,"anchorPoint":{"pointX":0.5,"pointY":0.5}},"texture":"6F41D94887D0BE49A920AEB8DAE6FB81"}]}]},"effects":[],"duration":0.01,"type":"transition","name":"none","objectID":"0"}],"automaticPlay":false,"hyperlinks":[],"accessibility":[],"baseLayer":{"animations":[],"initialState":{"affineTransform":[1,0,0,1,0,0],"masksToBounds":false,"rotation":0,"scale":1,"position":{"pointX":187.5,"pointY":333.5},"width":375,"sublayerTransform":[1,0,0,0,0,1,0,0,0,0,1,0,0,0,0,1],"contentsRect":{"y":0,"x":0,"width":1,"height":1},"opacity":1,"edgeAntialiasingMask":251658240,"height":667,"hidden":false,"anchorPoint":{"pointX":0.5,"pointY":0.5}},"objectID":"0","layers":[{"animations":[],"initialState":{"affineTransform":[1,0,0,1,0,0],"masksToBounds":false,"rotation":0,"scale":1,"position":{"pointX":187.5,"pointY":333.5},"width":375,"sublayerTransform":[1,0,0,0,0,1,0,0,0,0,1,-0.001008227879043148,0,0,0,1],"contentsRect":{"y":0,"x":0,"width":1,"height":1},"opacity":1,"edgeAntialiasingMask":251658240,"height":667,"hidden":false,"anchorPoint":{"pointX":0.5,"pointY":0.5}},"layers":[{"animations":[],"layers":[],"initialState":{"affineTransform":[1,0,0,1,0,0],"masksToBounds":false,"rotation":0,"scale":1,"position":{"pointX":187.5,"pointY":333.5},"width":375,"sublayerTransform":[1,0,0,0,0,1,0,0,0,0,1,0,0,0,0,1],"contentsRect":{"y":0,"x":0,"width":1,"height":1},"opacity":1,"edgeAntialiasingMask":0,"height":667,"hidden":false,"anchorPoint":{"pointX":0.5,"pointY":0.5}},"texture":"6F41D94887D0BE49A920AEB8DAE6FB81"}]}]}}},"targetRectangle":{"y":-5.836000127601437e-09,"x":-7.605001428601099e-08,"width":375,"height":667.0000076293945}},{"url":"?slideid=9266DC28-6B58-4C95-8786-DE30DEB573F6","events":{"9266DC28-6B58-4C95-8786-DE30DEB573F6":{"effects":[{"beginTime":0,"baseLayer":{"animations":[],"initialState":{"affineTransform":[1,0,0,1,0,0],"masksToBounds":false,"rotation":0,"scale":1,"position":{"pointX":187.5,"pointY":333.5},"width":375,"sublayerTransform":[1,0,0,0,0,1,0,0,0,0,1,0,0,0,0,1],"contentsRect":{"y":0,"x":0,"width":1,"height":1},"opacity":1,"edgeAntialiasingMask":251658240,"height":667,"hidden":false,"anchorPoint":{"pointX":0.5,"pointY":0.5}},"objectID":"0","layers":[{"animations":[],"initialState":{"affineTransform":[1,0,0,1,0,0],"masksToBounds":false,"rotation":0,"scale":1,"position":{"pointX":187.5,"pointY":333.5},"width":375,"sublayerTransform":[1,0,0,0,0,1,0,0,0,0,1,-0.001008227879043148,0,0,0,1],"contentsRect":{"y":0,"x":0,"width":1,"height":1},"opacity":1,"edgeAntialiasingMask":251658240,"height":667,"hidden":false,"anchorPoint":{"pointX":0.5,"pointY":0.5}},"layers":[{"animations":[],"layers":[],"initialState":{"affineTransform":[1,0,0,1,0,0],"masksToBounds":false,"rotation":0,"scale":1,"position":{"pointX":187.5,"pointY":333.5},"width":375,"sublayerTransform":[1,0,0,0,0,1,0,0,0,0,1,0,0,0,0,1],"contentsRect":{"y":0,"x":0,"width":1,"height":1},"opacity":1,"edgeAntialiasingMask":0,"height":667,"hidden":false,"anchorPoint":{"pointX":0.5,"pointY":0.5}},"texture":"1A8BC5D608C5319FA3482B0B6DAB330C"},{"animations":[{"timeOffset":0,"from":{"scalar":false},"beginTime":0,"repeatCount":0,"fillMode":"both","property":"hidden","autoreverses":false,"duration":0.01,"to":{"scalar":true}}],"layers":[],"initialState":{"affineTransform":[1,0,0,1,0,0],"masksToBounds":false,"rotation":0,"scale":1,"position":{"pointX":187.5,"pointY":333.5},"width":375,"sublayerTransform":[1,0,0,0,0,1,0,0,0,0,1,0,0,0,0,1],"contentsRect":{"y":0,"x":0,"width":1,"height":1},"opacity":1,"edgeAntialiasingMask":0,"height":667,"hidden":false,"anchorPoint":{"pointX":0.5,"pointY":0.5}},"texture":"6F41D94887D0BE49A920AEB8DAE6FB81"}]}]},"effects":[],"duration":0.01,"type":"transition","name":"none","objectID":"0"}],"automaticPlay":false,"hyperlinks":[],"accessibility":[],"baseLayer":{"animations":[],"initialState":{"affineTransform":[1,0,0,1,0,0],"masksToBounds":false,"rotation":0,"scale":1,"position":{"pointX":187.5,"pointY":333.5},"width":375,"sublayerTransform":[1,0,0,0,0,1,0,0,0,0,1,0,0,0,0,1],"contentsRect":{"y":0,"x":0,"width":1,"height":1},"opacity":1,"edgeAntialiasingMask":251658240,"height":667,"hidden":false,"anchorPoint":{"pointX":0.5,"pointY":0.5}},"objectID":"0","layers":[{"animations":[],"initialState":{"affineTransform":[1,0,0,1,0,0],"masksToBounds":false,"rotation":0,"scale":1,"position":{"pointX":187.5,"pointY":333.5},"width":375,"sublayerTransform":[1,0,0,0,0,1,0,0,0,0,1,-0.001008227879043148,0,0,0,1],"contentsRect":{"y":0,"x":0,"width":1,"height":1},"opacity":1,"edgeAntialiasingMask":251658240,"height":667,"hidden":false,"anchorPoint":{"pointX":0.5,"pointY":0.5}},"layers":[{"animations":[{"timeOffset":0,"from":{"scalar":false},"beginTime":0,"repeatCount":0,"fillMode":"both","property":"hidden","autoreverses":false,"duration":0.01,"to":{"scalar":true}}],"layers":[],"initialState":{"affineTransform":[1,0,0,1,0,0],"masksToBounds":false,"rotation":0,"scale":1,"position":{"pointX":187.5,"pointY":333.5},"width":375,"sublayerTransform":[1,0,0,0,0,1,0,0,0,0,1,0,0,0,0,1],"contentsRect":{"y":0,"x":0,"width":1,"height":1},"opacity":1,"edgeAntialiasingMask":0,"height":667,"hidden":false,"anchorPoint":{"pointX":0.5,"pointY":0.5}},"texture":"6F41D94887D0BE49A920AEB8DAE6FB81"}]}]}}},"targetRectangle":{"y":164.1029205322266,"x":0.2500000596046448,"width":374.75,"height":44}},{"url":"?slideid=B2E5AFC2-596E-4E6B-8FFE-7CDFB30796EB","events":{"B2E5AFC2-596E-4E6B-8FFE-7CDFB30796EB":{"effects":[{"beginTime":0,"baseLayer":{"animations":[],"initialState":{"affineTransform":[1,0,0,1,0,0],"masksToBounds":false,"rotation":0,"scale":1,"position":{"pointX":187.5,"pointY":333.5},"width":375,"sublayerTransform":[1,0,0,0,0,1,0,0,0,0,1,0,0,0,0,1],"contentsRect":{"y":0,"x":0,"width":1,"height":1},"opacity":1,"edgeAntialiasingMask":251658240,"height":667,"hidden":false,"anchorPoint":{"pointX":0.5,"pointY":0.5}},"objectID":"0","layers":[{"animations":[],"initialState":{"affineTransform":[1,0,0,1,0,0],"masksToBounds":false,"rotation":0,"scale":1,"position":{"pointX":187.5,"pointY":333.5},"width":375,"sublayerTransform":[1,0,0,0,0,1,0,0,0,0,1,-0.001008227879043148,0,0,0,1],"contentsRect":{"y":0,"x":0,"width":1,"height":1},"opacity":1,"edgeAntialiasingMask":251658240,"height":667,"hidden":false,"anchorPoint":{"pointX":0.5,"pointY":0.5}},"layers":[{"animations":[],"layers":[],"initialState":{"affineTransform":[1,0,0,1,0,0],"masksToBounds":false,"rotation":0,"scale":1,"position":{"pointX":187.5,"pointY":333.5},"width":375,"sublayerTransform":[1,0,0,0,0,1,0,0,0,0,1,0,0,0,0,1],"contentsRect":{"y":0,"x":0,"width":1,"height":1},"opacity":1,"edgeAntialiasingMask":0,"height":667,"hidden":false,"anchorPoint":{"pointX":0.5,"pointY":0.5}},"texture":"BBA2A8DB4E9926D0416B86B30186DED2"},{"animations":[{"timeOffset":0,"from":{"scalar":false},"beginTime":0,"repeatCount":0,"fillMode":"both","property":"hidden","autoreverses":false,"duration":0.01,"to":{"scalar":true}}],"layers":[],"initialState":{"affineTransform":[1,0,0,1,0,0],"masksToBounds":false,"rotation":0,"scale":1,"position":{"pointX":187.5,"pointY":333.5},"width":375,"sublayerTransform":[1,0,0,0,0,1,0,0,0,0,1,0,0,0,0,1],"contentsRect":{"y":0,"x":0,"width":1,"height":1},"opacity":1,"edgeAntialiasingMask":0,"height":667,"hidden":false,"anchorPoint":{"pointX":0.5,"pointY":0.5}},"texture":"6F41D94887D0BE49A920AEB8DAE6FB81"}]}]},"effects":[],"duration":0.01,"type":"transition","name":"none","objectID":"0"}],"automaticPlay":false,"hyperlinks":[],"accessibility":[],"baseLayer":{"animations":[],"initialState":{"affineTransform":[1,0,0,1,0,0],"masksToBounds":false,"rotation":0,"scale":1,"position":{"pointX":187.5,"pointY":333.5},"width":375,"sublayerTransform":[1,0,0,0,0,1,0,0,0,0,1,0,0,0,0,1],"contentsRect":{"y":0,"x":0,"width":1,"height":1},"opacity":1,"edgeAntialiasingMask":251658240,"height":667,"hidden":false,"anchorPoint":{"pointX":0.5,"pointY":0.5}},"objectID":"0","layers":[{"animations":[],"initialState":{"affineTransform":[1,0,0,1,0,0],"masksToBounds":false,"rotation":0,"scale":1,"position":{"pointX":187.5,"pointY":333.5},"width":375,"sublayerTransform":[1,0,0,0,0,1,0,0,0,0,1,-0.001008227879043148,0,0,0,1],"contentsRect":{"y":0,"x":0,"width":1,"height":1},"opacity":1,"edgeAntialiasingMask":251658240,"height":667,"hidden":false,"anchorPoint":{"pointX":0.5,"pointY":0.5}},"layers":[{"animations":[{"timeOffset":0,"from":{"scalar":false},"beginTime":0,"repeatCount":0,"fillMode":"both","property":"hidden","autoreverses":false,"duration":0.01,"to":{"scalar":true}}],"layers":[],"initialState":{"affineTransform":[1,0,0,1,0,0],"masksToBounds":false,"rotation":0,"scale":1,"position":{"pointX":187.5,"pointY":333.5},"width":375,"sublayerTransform":[1,0,0,0,0,1,0,0,0,0,1,0,0,0,0,1],"contentsRect":{"y":0,"x":0,"width":1,"height":1},"opacity":1,"edgeAntialiasingMask":0,"height":667,"hidden":false,"anchorPoint":{"pointX":0.5,"pointY":0.5}},"texture":"6F41D94887D0BE49A920AEB8DAE6FB81"}]}]}}},"targetRectangle":{"y":616.2800898551941,"x":114.4051551818848,"width":146.1896896362305,"height":26.92968845367432}},{"url":"?slideid=0F706EB2-FF3B-46EC-AD3C-11824289AF21","events":{"0F706EB2-FF3B-46EC-AD3C-11824289AF21":{"effects":[{"beginTime":0,"baseLayer":{"animations":[],"initialState":{"affineTransform":[1,0,0,1,0,0],"masksToBounds":false,"rotation":0,"scale":1,"position":{"pointX":187.5,"pointY":333.5},"width":375,"sublayerTransform":[1,0,0,0,0,1,0,0,0,0,1,0,0,0,0,1],"contentsRect":{"y":0,"x":0,"width":1,"height":1},"opacity":1,"edgeAntialiasingMask":251658240,"height":667,"hidden":false,"anchorPoint":{"pointX":0.5,"pointY":0.5}},"objectID":"0","layers":[{"animations":[],"initialState":{"affineTransform":[1,0,0,1,0,0],"masksToBounds":false,"rotation":0,"scale":1,"position":{"pointX":187.5,"pointY":333.5},"width":375,"sublayerTransform":[1,0,0,0,0,1,0,0,0,0,1,-0.001008227879043148,0,0,0,1],"contentsRect":{"y":0,"x":0,"width":1,"height":1},"opacity":1,"edgeAntialiasingMask":251658240,"height":667,"hidden":false,"anchorPoint":{"pointX":0.5,"pointY":0.5}},"layers":[{"animations":[],"layers":[],"initialState":{"affineTransform":[1,0,0,1,0,0],"masksToBounds":false,"rotation":0,"scale":1,"position":{"pointX":187.5,"pointY":333.5},"width":375,"sublayerTransform":[1,0,0,0,0,1,0,0,0,0,1,0,0,0,0,1],"contentsRect":{"y":0,"x":0,"width":1,"height":1},"opacity":1,"edgeAntialiasingMask":0,"height":667,"hidden":false,"anchorPoint":{"pointX":0.5,"pointY":0.5}},"texture":"7BA2E04EABEC644FAE3C0932A8CF0416"},{"animations":[{"timeOffset":0,"from":{"scalar":false},"beginTime":0,"repeatCount":0,"fillMode":"both","property":"hidden","autoreverses":false,"duration":0.01,"to":{"scalar":true}}],"layers":[],"initialState":{"affineTransform":[1,0,0,1,0,0],"masksToBounds":false,"rotation":0,"scale":1,"position":{"pointX":187.5,"pointY":333.5},"width":375,"sublayerTransform":[1,0,0,0,0,1,0,0,0,0,1,0,0,0,0,1],"contentsRect":{"y":0,"x":0,"width":1,"height":1},"opacity":1,"edgeAntialiasingMask":0,"height":667,"hidden":false,"anchorPoint":{"pointX":0.5,"pointY":0.5}},"texture":"6F41D94887D0BE49A920AEB8DAE6FB81"}]}]},"effects":[],"duration":0.01,"type":"transition","name":"none","objectID":"0"}],"automaticPlay":false,"hyperlinks":[],"accessibility":[],"baseLayer":{"animations":[],"initialState":{"affineTransform":[1,0,0,1,0,0],"masksToBounds":false,"rotation":0,"scale":1,"position":{"pointX":187.5,"pointY":333.5},"width":375,"sublayerTransform":[1,0,0,0,0,1,0,0,0,0,1,0,0,0,0,1],"contentsRect":{"y":0,"x":0,"width":1,"height":1},"opacity":1,"edgeAntialiasingMask":251658240,"height":667,"hidden":false,"anchorPoint":{"pointX":0.5,"pointY":0.5}},"objectID":"0","layers":[{"animations":[],"initialState":{"affineTransform":[1,0,0,1,0,0],"masksToBounds":false,"rotation":0,"scale":1,"position":{"pointX":187.5,"pointY":333.5},"width":375,"sublayerTransform":[1,0,0,0,0,1,0,0,0,0,1,-0.001008227879043148,0,0,0,1],"contentsRect":{"y":0,"x":0,"width":1,"height":1},"opacity":1,"edgeAntialiasingMask":251658240,"height":667,"hidden":false,"anchorPoint":{"pointX":0.5,"pointY":0.5}},"layers":[{"animations":[{"timeOffset":0,"from":{"scalar":false},"beginTime":0,"repeatCount":0,"fillMode":"both","property":"hidden","autoreverses":false,"duration":0.01,"to":{"scalar":true}}],"layers":[],"initialState":{"affineTransform":[1,0,0,1,0,0],"masksToBounds":false,"rotation":0,"scale":1,"position":{"pointX":187.5,"pointY":333.5},"width":375,"sublayerTransform":[1,0,0,0,0,1,0,0,0,0,1,0,0,0,0,1],"contentsRect":{"y":0,"x":0,"width":1,"height":1},"opacity":1,"edgeAntialiasingMask":0,"height":667,"hidden":false,"anchorPoint":{"pointX":0.5,"pointY":0.5}},"texture":"6F41D94887D0BE49A920AEB8DAE6FB81"}]}]}}},"targetRectangle":{"y":78.10292053222656,"x":0.1249999850988388,"width":374.75,"height":44}}],"accessibility":[{"text":"Completed","targetRectangle":{"y":91.6029204428196,"x":260.8320312350988,"width":67.703125,"height":17}},{"text":"Quest 4","targetRectangle":{"y":218.1029205918312,"x":15.03515625056155,"width":63.03515625,"height":22}},{"text":"On going","targetRectangle":{"y":134.6029204428196,"x":260.9570312350988,"width":56.8203125,"height":17}},{"text":">","targetRectangle":{"y":89.10292059183121,"x":348.2441401332617,"width":10.51171875,"height":22}},{"text":"Quest List","targetRectangle":{"y":6.49999988079071,"x":128.9739971160889,"width":117.052,"height":31}},{"text":">","targetRectangle":{"y":218.1029205918312,"x":348.1191401487244,"width":10.51171875,"height":22}},{"text":"Quest 2","targetRectangle":{"y":132.1029205918312,"x":15.28515623509884,"width":63.03515625,"height":22}},{"text":">","targetRectangle":{"y":175.1029205918312,"x":348.3691402077675,"width":10.51171875,"height":22}},{"text":"Signup or Login","targetRectangle":{"y":617.7449336051941,"x":116.3699989318848,"width":142.26,"height":24}},{"text":"?","targetRectangle":{"y":10.46484380332544,"x":348,"width":10,"height":24}},{"text":"Quest 3","targetRectangle":{"y":175.1029205918312,"x":15.28515630960464,"width":63.03515625,"height":22}},{"text":"Quest 1","targetRectangle":{"y":89.10292059183121,"x":15.16015623509884,"width":63.03515625,"height":22}},{"text":">","targetRectangle":{"y":132.1029205918312,"x":348.3691401332617,"width":10.51171875,"height":22}}],"baseLayer":{"animations":[],"initialState":{"affineTransform":[1,0,0,1,0,0],"masksToBounds":false,"rotation":0,"scale":1,"position":{"pointX":187.5,"pointY":333.5},"width":375,"sublayerTransform":[1,0,0,0,0,1,0,0,0,0,1,0,0,0,0,1],"contentsRect":{"y":0,"x":0,"width":1,"height":1},"opacity":1,"edgeAntialiasingMask":251658240,"height":667,"hidden":false,"anchorPoint":{"pointX":0.5,"pointY":0.5}},"objectID":"0","layers":[{"animations":[],"initialState":{"affineTransform":[1,0,0,1,0,0],"masksToBounds":false,"rotation":0,"scale":1,"position":{"pointX":187.5,"pointY":333.5},"width":375,"sublayerTransform":[1,0,0,0,0,1,0,0,0,0,1,-0.001008227879043148,0,0,0,1],"contentsRect":{"y":0,"x":0,"width":1,"height":1},"opacity":1,"edgeAntialiasingMask":251658240,"height":667,"hidden":false,"anchorPoint":{"pointX":0.5,"pointY":0.5}},"layers":[{"animations":[],"layers":[],"initialState":{"affineTransform":[1,0,0,1,0,0],"masksToBounds":false,"rotation":0,"scale":1,"position":{"pointX":187.5,"pointY":333.5},"width":375,"sublayerTransform":[1,0,0,0,0,1,0,0,0,0,1,0,0,0,0,1],"contentsRect":{"y":0,"x":0,"width":1,"height":1},"opacity":1,"edgeAntialiasingMask":0,"height":667,"hidden":false,"anchorPoint":{"pointX":0.5,"pointY":0.5}},"texture":"6F41D94887D0BE49A920AEB8DAE6FB81"}]}]}}]}